Workbook

Sheet REPORTE DIARIO
B3: COBRANZA GENERAL SAMANTHA
B4: Segmento | C4: Cuentas | D4: Recuperación
B5: Extrajudicial - 0 a 28 semanas de atraso | C5: 6962 | D5: 655837.96
B6: Extrajudicial - 29 a 39 semanas de atraso | C6: 8470 | D6: 522276.2
B7: Extrajudicial - 40 a 55 semanas de atraso | C7: 9836 | D7: 550018
B8: JUDICIAL | C8: 21 | D8: 0
B9: Mas 55 semanas de atraso | C9: 50026 | D9: 630562.96
B10: Total general | C10: =SUM(C5:C9) -> 75315 | D10: =SUM(D5:D9) -> 2358695.1
B12: COBRANZA GENERAL OLGUIN
B13: Segmento | C13: Cuentas | D13: Recuperación
B14: Extrajudicial - 0 a 28 semanas de atraso | C14: 3875 | D14: 296246.52
B15: Extrajudicial - 29 a 39 semanas de atraso | C15: 1452 | D15: 40712.7
B16: Extrajudicial - 40 a 55 semanas de atraso | C16: 3199 | D16: 80124.17
B17: Mas 55 semanas de atraso | C17: 20922 | D17: 209821.35
B18: Total general | C18: =SUM(C14:C17) -> 29448 | D18: =SUM(D14:D17) -> 626904.74
B20: COBRANZA GENERAL EDITH
B21: Segmento | C21: Cuentas | D21: Recuperación
B22: Extrajudicial - 0 a 28 semanas de atraso | C22: 1890 | D22: 273195.35
B23: Extrajudicial - 29 a 39 semanas de atraso | C23: 1370 | D23: 161790.62
B24: Extrajudicial - 40 a 55 semanas de atraso | C24: 15 | D24: 16789
B25: Mas 55 semanas de atraso | C25: 733 | D25: 35796
B26: Total general | C26: =SUM(C22:C25) -> 4008 | D26: =SUM(D22:D25) -> 487570.97
B28: COBRANZA GENERAL SOFIA
B29: Segmento | C29: Cuentas | D29: Recuperación
B30: Extrajudicial - 0 a 28 semanas de atraso | C30: 1790 | D30: 291331.51
B31: Extrajudicial - 29 a 39 semanas de atraso | C31: 629 | D31: 38110.11
B32: Extrajudicial - 40 a 55 semanas de atraso | C32: 535 | D32: 19419
B33: Mas 55 semanas de atraso | C33: 1678 | D33: 1699.11
B34: Total general | C34: =SUM(C30:C33) -> 4632 | D34: =SUM(D30:D33) -> 350559.73
B36: COBRANZA GENERAL FERNANDO
B37: Segmento | C37: Cuentas | D37: Recuperación
B38: Extrajudicial - 0 a 28 semanas de atraso | C38: 3081 | D38: 144161
B39: Total general | C39: =SUM(C38:C38) -> 3081 | D39: =SUM(D38:D38) -> 144161
B42: Cobranza Total | C42: =SUM(C10+C34+C26+C18+C39) -> 116484 | D42: =SUM(D10+D34+D26+D18+D39) -> 3967891.6

Sheet DATA

Sheet EPR 16 MAR
B2: REPORTE CONSOLIDADO POR SEGMENTOS
B3: SALDO ACUMULADO SEMANA 11
B5: COORDINADOR | C5: SEGMENTO | D5: CUENTAS | E5: COBRANZA REAL | F5: CUOTA IDEAL | G5: VARIACION | H5: % VAR | I5: EPR | J5: EPR IDEAL | K5: VAR EPR
B6: Samatha y Zareth | C6: Extrajudicial - 0 a 28 semanas de atraso | D6: =SUMIF('REPORTE DIARIO'!B:B,'EPR 16 MAR'!C6, 'REPORTE DIARIO'!C:C) -> 17598 | E6: =SUMIF('REPORTE DIARIO'!B:B,'EPR 16 MAR'!C6, 'REPORTE DIARIO'!D:D) -> 1660772.3 | F6: =J6*D6 -> 3519600 | G6: =+E6-F6 -> -1858827.7 | H6: =ABS(G6/F6) -> 0.52813606 | I6: =E6/D6 -> 94.372789 | J6: =200 -> 200 | K6: =+I6-J6 -> -105.62721
B7: Gabriel | C7: Extrajudicial - 29 a 39 semanas de atraso | D7: =SUMIF('REPORTE DIARIO'!B:B,'EPR 16 MAR'!C7, 'REPORTE DIARIO'!C:C) -> 11921 | E7: =SUMIF('REPORTE DIARIO'!B:B,'EPR 16 MAR'!C7, 'REPORTE DIARIO'!D:D) -> 762889.63 | F7: =J7*D7 -> 1311310 | G7: =+E7-F7 -> -548420.37 | H7: =ABS(G7/F7) -> 0.41822328 | I7: =E7/D7 -> 63.995439 | J7: =110 -> 110 | K7: =+I7-J7 -> -46.004561
B8: Gabriel | C8: Extrajudicial - 40 a 55 semanas de atraso | D8: =SUMIF('REPORTE DIARIO'!B:B,'EPR 16 MAR'!C8, 'REPORTE DIARIO'!C:C) -> 13585 | E8: =SUMIF('REPORTE DIARIO'!B:B,'EPR 16 MAR'!C8, 'REPORTE DIARIO'!D:D) -> 666350.17 | F8: =J8*D8 -> 611325 | G8: =+E8-F8 -> 55025.17 | H8: =ABS(G8/F8) -> 0.090009684 | I8: =E8/D8 -> 49.050436 | J8: =45 -> 45 | K8: =+I8-J8 -> 4.0504358
B9: Fernando | C9: Mas 55 semanas de atraso | D9: =SUMIF('REPORTE DIARIO'!B:B,'EPR 16 MAR'!C9, 'REPORTE DIARIO'!C:C) -> 73359 | E9: =SUMIF('REPORTE DIARIO'!B:B,'EPR 16 MAR'!C9, 'REPORTE DIARIO'!D:D) -> 877879.42 | F9: =J9*D9 -> 1100385 | G9: =+E9-F9 -> -222505.58 | H9: =ABS(G9/F9) -> 0.20220703 | I9: =E9/D9 -> 11.966895 | J9: =15 -> 15 | K9: =+I9-J9 -> -3.0331054
C10: TOTAL | D10: =SUM(D6:D9) -> 116463 | E10: =SUM(E6:E9) -> 3967891.6 | F10: =SUM(F6:F9) -> 6542620 | G10: =+E10-F10 -> -2574728.4 | H10: =ABS(G10/F10) -> 0.39353171 | I10: =E10/D10 -> 34.069976 | J10: =F10/D10 -> 56.17767 | K10: =I10-J10 -> -22.107695
B12: Nota:
B13: El saldo consolidado incluye los siguientes despachos
B14: Samantha, Sofia, Edith, Olguin y Fernando
