Workbook

Sheet REPORTE DIARIO
B3: COBRANZA GENERAL SAMANTHA
B4: Segmento | C4: Cuentas | D4: Recuperación
B5: Extrajudicial - 0 a 28 semanas de atraso | C5: 7173 | D5: 308919.04
B6: Extrajudicial - 29 a 39 semanas de atraso | C6: 8521 | D6: 134818.96
B7: Extrajudicial - 40 a 55 semanas de atraso | C7: 10196 | D7: 201683.1
B8: JUDICIAL | C8: 21 | D8: 0
B9: Mas 55 semanas de atraso | C9: 49927 | D9: 296113.16
B10: Total general | C10: =SUM(C5:C9) -> 75838 | D10: =SUM(D5:D9) -> 941534.26
B12: COBRANZA GENERAL EDITH
B13: Segmento | C13: Cuentas | D13: Recuperación
B14: Extrajudicial - 0 a 28 semanas de atraso | C14: 2034 | D14: 129808.91
B15: Extrajudicial - 29 a 39 semanas de atraso | C15: 1733 | D15: 75687.53
B16: Extrajudicial - 40 a 55 semanas de atraso | C16: 267 | D16: 42166
B17: Mas 55 semanas de atraso | C17: 8252 | D17: 40012.01
B18: Total general | C18: =SUM(C14:C17) -> 12286 | D18: =SUM(D14:D17) -> 287674.45
B20: COBRANZA GENERAL OLGUIN
B21: Segmento | C21: Cuentas | D21: Recuperación
B22: Extrajudicial - 0 a 28 semanas de atraso | C22: 3588 | D22: 149078.99
B23: Extrajudicial - 29 a 39 semanas de atraso | C23: 1617 | D23: 4276.49
B24: Extrajudicial - 40 a 55 semanas de atraso | C24: 3264 | D24: 21456.99
B25: Mas 55 semanas de atraso | C25: 20983 | D25: 81210.76
B26: Total general | C26: =SUM(C22:C25) -> 29452 | D26: =SUM(D22:D25) -> 256023.23
B28: COBRANZA GENERAL SOFIA
B29: Segmento | C29: Cuentas | D29: Recuperación
B30: Extrajudicial - 0 a 28 semanas de atraso | C30: 1671 | D30: 119701.61
B31: Extrajudicial - 29 a 39 semanas de atraso | C31: 879 | D31: 30359.43
B32: Extrajudicial - 40 a 55 semanas de atraso | C32: 3569 | D32: 5070
B33: Mas 55 semanas de atraso | C33: 1751 | D33: 1620.38
B34: Total general | C34: =SUM(C30:C33) -> 7870 | D34: =SUM(D30:D33) -> 156751.42
B36: COBRANZA GENERAL FERNANDO
B37: Segmento | C37: Cuentas | D37: Recuperación
B38: Extrajudicial - 0 a 28 semanas de atraso | C38: 3126 | D38: 51864
B39: Total general | C39: =SUM(C38:C38) -> 3126 | D39: =SUM(D38:D38) -> 51864
B42: Cobranza Total | C42: =SUM(C10+C34+C18+C26+C39) -> 128572 | D42: =SUM(D10+D34+D18+D26+D39) -> 1693847.4

Sheet DATA

Sheet EPR 20 MAR
B2: REPORTE CONSOLIDADO POR SEGMENTOS
B3: SALDO ACUMULADO SEMANA 12
B5: COORDINADOR | C5: SEGMENTO | D5: CUENTAS | E5: COBRANZA REAL | F5: CUOTA IDEAL | G5: VARIACION | H5: % VAR | I5: EPR | J5: EPR IDEAL | K5: VAR EPR
B6: Samatha y Zareth | C6: Extrajudicial - 0 a 28 semanas de atraso | D6: =SUMIF('REPORTE DIARIO'!B:B,'EPR 20 MAR'!C6, 'REPORTE DIARIO'!C:C) -> 17592 | E6: =SUMIF('REPORTE DIARIO'!B:B,'EPR 20 MAR'!C6, 'REPORTE DIARIO'!D:D) -> 759372.55 | F6: =J6*D6 -> 2010514.3 | G6: =+E6-F6 -> -1251141.7 | H6: =ABS(G6/F6) -> 0.62229935 | I6: =E6/D6 -> 43.165788 | J6: =(200/7) *4 -> 114.28571 | K6: =+I6-J6 -> -71.119926
B7: Gabriel | C7: Extrajudicial - 29 a 39 semanas de atraso | D7: =SUMIF('REPORTE DIARIO'!B:B,'EPR 20 MAR'!C7, 'REPORTE DIARIO'!C:C) -> 12750 | E7: =SUMIF('REPORTE DIARIO'!B:B,'EPR 20 MAR'!C7, 'REPORTE DIARIO'!D:D) -> 245142.41 | F7: =J7*D7 -> 801428.57 | G7: =+E7-F7 -> -556286.16 | H7: =ABS(G7/F7) -> 0.6941182 | I7: =E7/D7 -> 19.226856 | J7: =(110/7)*4 -> 62.857143 | K7: =+I7-J7 -> -43.630287
B8: Gabriel | C8: Extrajudicial - 40 a 55 semanas de atraso | D8: =SUMIF('REPORTE DIARIO'!B:B,'EPR 20 MAR'!C8, 'REPORTE DIARIO'!C:C) -> 17296 | E8: =SUMIF('REPORTE DIARIO'!B:B,'EPR 20 MAR'!C8, 'REPORTE DIARIO'!D:D) -> 270376.09 | F8: =J8*D8 -> 444754.29 | G8: =+E8-F8 -> -174378.2 | H8: =ABS(G8/F8) -> 0.39207761 | I8: =E8/D8 -> 15.63229 | J8: =(45/7)*4 -> 25.714286 | K8: =+I8-J8 -> -10.081996
B9: Fernando | C9: Mas 55 semanas de atraso | D9: =SUMIF('REPORTE DIARIO'!B:B,'EPR 20 MAR'!C9, 'REPORTE DIARIO'!C:C) -> 80913 | E9: =SUMIF('REPORTE DIARIO'!B:B,'EPR 20 MAR'!C9, 'REPORTE DIARIO'!D:D) -> 418956.31 | F9: =J9*D9 -> 693540 | G9: =+E9-F9 -> -274583.69 | H9: =ABS(G9/F9) -> 0.39591615 | I9: =E9/D9 -> 5.1778615 | J9: =(15/7)*4 -> 8.5714286 | K9: =+I9-J9 -> -3.393567
C10: TOTAL | D10: =SUM(D6:D9) -> 128551 | E10: =SUM(E6:E9) -> 1693847.4 | F10: =SUM(F6:F9) -> 3950237.1 | G10: =+E10-F10 -> -2256389.8 | H10: =ABS(G10/F10) -> 0.57120363 | I10: =E10/D10 -> 13.176462 | J10: =F10/D10 -> 30.728949 | K10: =I10-J10 -> -17.552487
B12: Nota:
B13: El saldo consolidado incluye los siguientes despachos
B14: Samantha, Sofia, Edith, Olguin y Fernando
