Workbook

Sheet REPORTE DIARIO
B3: COBRANZA GENERAL SAMANTHA
B4: Segmento | C4: Cuentas | D4: Recuperación
B5: Extrajudicial - 0 a 28 semanas de atraso | C5: 6559 | D5: 918520.36
B6: Extrajudicial - 29 a 39 semanas de atraso | C6: 8098 | D6: 461527.36
B7: Extrajudicial - 40 a 55 semanas de atraso | C7: 8880 | D7: 238823.69
B8: JUDICIAL | C8: 21 | D8: 911.83
B9: Mas 55 semanas de atraso | C9: 49265 | D9: 518109.76
B10: Total general | C10: =SUM(C5:C9) -> 72823 | D10: =SUM(D5:D9) -> 2137893
B12: COBRANZA GENERAL SOFIA
B13: Segmento | C13: Cuentas | D13: Recuperación
B14: Extrajudicial - 0 a 28 semanas de atraso | C14: 1682 | D14: 311529.01
B15: Extrajudicial - 29 a 39 semanas de atraso | C15: 655 | D15: 58617.81
B16: Extrajudicial - 40 a 55 semanas de atraso | C16: 586 | D16: 22407
B17: Mas 55 semanas de atraso | C17: 1816 | D17: 2677
B18: Total general | C18: =SUM(C14:C17) -> 4739 | D18: =SUM(D14:D17) -> 395230.82
B20: COBRANZA GENERAL EDITH
B21: Segmento | C21: Cuentas | D21: Recuperación
B22: Extrajudicial - 0 a 28 semanas de atraso | C22: 1738 | D22: 300129.03
B23: Extrajudicial - 29 a 39 semanas de atraso | C23: 927 | D23: 65163.81
B24: Extrajudicial - 40 a 55 semanas de atraso | C24: 13 | D24: 0
B25: Mas 55 semanas de atraso | C25: 715 | D25: 37701
B26: Total general | C26: =SUM(C22:C25) -> 3393 | D26: =SUM(D22:D25) -> 402993.84
B28: COBRANZA GENERAL ITZAYANA
B29: Segmento | C29: Cuentas | D29: Recuperación
B30: Extrajudicial - 0 a 28 semanas de atraso | C30: 1183 | D30: 179516.28
B31: Extrajudicial - 29 a 39 semanas de atraso | C31: 2569 | D31: 135347.76
B32: Extrajudicial - 40 a 55 semanas de atraso | C32: 2679 | D32: 48222
B33: JUDICIAL | C33: 1 | D33: 0
B34: Mas 55 semanas de atraso | C34: 13884 | D34: 128112.88
B35: Total general | C35: =SUM(C30:C34) -> 20316 | D35: =SUM(D30:D34) -> 491198.92
B37: COBRANZA GENERAL FERNANDO
B38: Segmento | C38: Cuentas | D38: Recuperación
B39: Extrajudicial - 0 a 28 semanas de atraso | C39: 5277 | D39: 113910.68
B40: Total general | C40: =SUM(C39:C39) -> 5277 | D40: =SUM(D39:D39) -> 113910.68
B43: Cobranza Total | C43: =SUM(C10+C18+C26+C35+C40) -> 106548 | D43: =SUM(D10+D18+D26+D35+D40) -> 3541227.3

Sheet DATA

Sheet EPR 9 MAR
B2: REPORTE CONSOLIDADO POR SEGMENTOS
B3: SALDO ACUMULADO SEMANA 10
B5: COORDINADOR | C5: SEGMENTO | D5: CUENTAS | E5: COBRANZA REAL | F5: CUOTA IDEAL | G5: VARIACION | H5: % VAR | I5: EPR | J5: EPR IDEAL | K5: VAR EPR
B6: Samatha y Zareth | C6: Extrajudicial - 0 a 28 semanas de atraso | D6: =SUMIF('REPORTE DIARIO'!B:B,'EPR 9 MAR'!C6, 'REPORTE DIARIO'!C:C) -> 16439 | E6: =SUMIF('REPORTE DIARIO'!B:B,'EPR 9 MAR'!C6, 'REPORTE DIARIO'!D:D) -> 1823605.4 | F6: =J6*D6 -> 3287800 | G6: =+E6-F6 -> -1464194.6 | H6: =ABS(G6/F6) -> 0.44534176 | I6: =E6/D6 -> 110.93165 | J6: 200 | K6: =+I6-J6 -> -89.068352
B7: Gabriel | C7: Extrajudicial - 29 a 39 semanas de atraso | D7: =SUMIF('REPORTE DIARIO'!B:B,'EPR 9 MAR'!C7, 'REPORTE DIARIO'!C:C) -> 12249 | E7: =SUMIF('REPORTE DIARIO'!B:B,'EPR 9 MAR'!C7, 'REPORTE DIARIO'!D:D) -> 720656.74 | F7: =J7*D7 -> 1347390 | G7: =+E7-F7 -> -626733.26 | H7: =ABS(G7/F7) -> 0.46514614 | I7: =E7/D7 -> 58.833924 | J7: 110 | K7: =+I7-J7 -> -51.166076
B8: Gabriel | C8: Extrajudicial - 40 a 55 semanas de atraso | D8: =SUMIF('REPORTE DIARIO'!B:B,'EPR 9 MAR'!C8, 'REPORTE DIARIO'!C:C) -> 12158 | E8: =SUMIF('REPORTE DIARIO'!B:B,'EPR 9 MAR'!C8, 'REPORTE DIARIO'!D:D) -> 309452.69 | F8: =J8*D8 -> 547110 | G8: =+E8-F8 -> -237657.31 | H8: =ABS(G8/F8) -> 0.4343867 | I8: =E8/D8 -> 25.452598 | J8: 45 | K8: =+I8-J8 -> -19.547402
B9: Fernando | C9: Mas 55 semanas de atraso | D9: =SUMIF('REPORTE DIARIO'!B:B,'EPR 9 MAR'!C9, 'REPORTE DIARIO'!C:C) -> 65680 | E9: =SUMIF('REPORTE DIARIO'!B:B,'EPR 9 MAR'!C9, 'REPORTE DIARIO'!D:D) -> 686600.64 | F9: =J9*D9 -> 985200 | G9: =+E9-F9 -> -298599.36 | H9: =ABS(G9/F9) -> 0.30308502 | I9: =E9/D9 -> 10.453725 | J9: 15 | K9: =+I9-J9 -> -4.5462753
C10: TOTAL | D10: =SUM(D6:D9) -> 106526 | E10: =SUM(E6:E9) -> 3540315.4 | F10: =SUM(F6:F9) -> 6167500 | G10: =+E10-F10 -> -2627184.6 | H10: =ABS(G10/F10) -> 0.42597237 | I10: =E10/D10 -> 33.234285 | J10: =F10/D10 -> 57.896664 | K10: =I10-J10 -> -24.662379
B12: Nota:
B13: El saldo consolidado incluye los siguientes despachos
B14: Samantha, Sofia, Edith, Fernando e Itzayana
