Workbook

Sheet REPORTE DIARIO
B3: COBRANZA GENERAL SAMANTHA
B4: Segmento | C4: Cuentas | D4: Recuperación
B5: Extrajudicial - 0 a 28 semanas de atraso | C5: 6849 | D5: 35902
B6: Extrajudicial - 29 a 39 semanas de atraso | C6: 8351 | D6: 69762.3
B7: Extrajudicial - 40 a 55 semanas de atraso | C7: 9478 | D7: 72547
B8: JUDICIAL | C8: 21 | D8: 0
B9: Mas 55 semanas de atraso | C9: 49585 | D9: 17851
B10: Total general | C10: =SUM(C5:C9) -> 74284 | D10: =SUM(D5:D9) -> 196062.3
B12: COBRANZA GENERAL OLGUIN
B13: Segmento | C13: Cuentas | D13: Recuperación
B14: Extrajudicial - 0 a 28 semanas de atraso | C14: 3849 | D14: 27112.52
B15: Extrajudicial - 29 a 39 semanas de atraso | C15: 1413 | D15: 24521.96
B16: Extrajudicial - 40 a 55 semanas de atraso | C16: 3162 | D16: 5603
B17: Mas 55 semanas de atraso | C17: 20887 | D17: 28784
B18: Total general | C18: =SUM(C14:C17) -> 29311 | D18: =SUM(D14:D17) -> 86021.48
B20: COBRANZA GENERAL EDITH
B21: Segmento | C21: Cuentas | D21: Recuperación
B22: Extrajudicial - 0 a 28 semanas de atraso | C22: 1885 | D22: 18596.39
B23: Extrajudicial - 29 a 39 semanas de atraso | C23: 1352 | D23: 15610.03
B24: Extrajudicial - 40 a 55 semanas de atraso | C24: 14 | D24: 0
B25: Mas 55 semanas de atraso | C25: 720 | D25: 5944
B26: Total general | C26: =SUM(C22:C25) -> 3971 | D26: =SUM(D22:D25) -> 40150.42
B28: COBRANZA GENERAL FERNANDO
B29: Segmento | C29: Cuentas | D29: Recuperación
B30: Extrajudicial - 0 a 28 semanas de atraso | C30: 3001 | D30: 32323
B31: Total general | C31: =SUM(C30:C30) -> 3001 | D31: =SUM(D30:D30) -> 32323
B33: COBRANZA GENERAL SOFIA
B34: Segmento | C34: Cuentas | D34: Recuperación
B35: Extrajudicial - 0 a 28 semanas de atraso | C35: 1790 | D35: 6697.89
B36: Extrajudicial - 29 a 39 semanas de atraso | C36: 633 | D36: 8153.26
B37: Extrajudicial - 40 a 55 semanas de atraso | C37: 539 | D37: 412
B38: Mas 55 semanas de atraso | C38: 1678 | D38: 0
B39: Total general | C39: =SUM(C35:C38) -> 4640 | D39: =SUM(D35:D38) -> 15263.15
B42: Cobranza Total | C42: =SUM(C10+C39+C26+C18+C31) -> 115207 | D42: =SUM(D10+D39+D26+D18+D31) -> 369820.35

Sheet DATA

Sheet EPR 13 MAR
B2: REPORTE CONSOLIDADO POR SEGMENTOS
B3: COBRANZA 13 MARZO
B5: COORDINADOR | C5: SEGMENTO | D5: CUENTAS | E5: COBRANZA REAL | F5: CUOTA IDEAL | G5: VARIACION | H5: % VAR | I5: EPR | J5: EPR IDEAL | K5: VAR EPR
B6: Samatha y Zareth | C6: Extrajudicial - 0 a 28 semanas de atraso | D6: =SUMIF('REPORTE DIARIO'!B:B,'EPR 13 MAR'!C6, 'REPORTE DIARIO'!C:C) -> 17374 | E6: =SUMIF('REPORTE DIARIO'!B:B,'EPR 13 MAR'!C6, 'REPORTE DIARIO'!D:D) -> 120631.8 | F6: =J6*D6 -> 496400 | G6: =+E6-F6 -> -375768.2 | H6: =ABS(G6/F6) -> 0.7569867 | I6: =E6/D6 -> 6.943237 | J6: =200/7 -> 28.571429 | K6: =+I6-J6 -> -21.628192
B7: Gabriel | C7: Extrajudicial - 29 a 39 semanas de atraso | D7: =SUMIF('REPORTE DIARIO'!B:B,'EPR 13 MAR'!C7, 'REPORTE DIARIO'!C:C) -> 11749 | E7: =SUMIF('REPORTE DIARIO'!B:B,'EPR 13 MAR'!C7, 'REPORTE DIARIO'!D:D) -> 118047.55 | F7: =J7*D7 -> 184627.14 | G7: =+E7-F7 -> -66579.593 | H7: =ABS(G7/F7) -> 0.36061649 | I7: =E7/D7 -> 10.047455 | J7: =110/7 -> 15.714286 | K7: =+I7-J7 -> -5.6668306
B8: Gabriel | C8: Extrajudicial - 40 a 55 semanas de atraso | D8: =SUMIF('REPORTE DIARIO'!B:B,'EPR 13 MAR'!C8, 'REPORTE DIARIO'!C:C) -> 13193 | E8: =SUMIF('REPORTE DIARIO'!B:B,'EPR 13 MAR'!C8, 'REPORTE DIARIO'!D:D) -> 78562 | F8: =J8*D8 -> 84812.143 | G8: =+E8-F8 -> -6250.1429 | H8: =ABS(G8/F8) -> 0.073693962 | I8: =E8/D8 -> 5.9548245 | J8: =45/7 -> 6.4285714 | K8: =+I8-J8 -> -0.4737469
B9: Fernando | C9: Mas 55 semanas de atraso | D9: =SUMIF('REPORTE DIARIO'!B:B,'EPR 13 MAR'!C9, 'REPORTE DIARIO'!C:C) -> 72870 | E9: =SUMIF('REPORTE DIARIO'!B:B,'EPR 13 MAR'!C9, 'REPORTE DIARIO'!D:D) -> 52579 | F9: =J9*D9 -> 156150 | G9: =+E9-F9 -> -103571 | H9: =ABS(G9/F9) -> 0.6632789 | I9: =E9/D9 -> 0.72154522 | J9: =15/7 -> 2.1428571 | K9: =+I9-J9 -> -1.4213119
C10: TOTAL | D10: =SUM(D6:D9) -> 115186 | E10: =SUM(E6:E9) -> 369820.35 | F10: =SUM(F6:F9) -> 921989.29 | G10: =+E10-F10 -> -552168.94 | H10: =ABS(G10/F10) -> 0.59888867 | I10: =E10/D10 -> 3.2106363 | J10: =F10/D10 -> 8.004352 | K10: =I10-J10 -> -4.7937157
B12: Nota:
B13: El saldo consolidado incluye los siguientes despachos
B14: Samantha, Sofia, Edith, Olguin y Fernando
