Workbook

Sheet REPORTE DIARIO
B3: COBRANZA GENERAL SAMANTHA
B4: Segmento | C4: Cuentas | D4: Recuperación
B5: Extrajudicial - 0 a 28 semanas de atraso | C5: 7194 | D5: 446883.15
B6: Extrajudicial - 29 a 39 semanas de atraso | C6: 8512 | D6: 233163.5
B7: Extrajudicial - 40 a 55 semanas de atraso | C7: 9746 | D7: 247231.1
B8: JUDICIAL | C8: 21 | D8: 0
B9: Mas 55 semanas de atraso | C9: 49904 | D9: 421285.86
B10: Total general | C10: =SUM(C5:C9) -> 75377 | D10: =SUM(D5:D9) -> 1348563.6
B12: COBRANZA GENERAL EDITH
B13: Segmento | C13: Cuentas | D13: Recuperación
B14: Extrajudicial - 0 a 28 semanas de atraso | C14: 2036 | D14: 170060.86
B15: Extrajudicial - 29 a 39 semanas de atraso | C15: 1735 | D15: 110717.81
B16: Extrajudicial - 40 a 55 semanas de atraso | C16: 266 | D16: 44271.05
B17: Mas 55 semanas de atraso | C17: 8252 | D17: 91282.01
B18: Total general | C18: =SUM(C14:C17) -> 12289 | D18: =SUM(D14:D17) -> 416331.73
B20: COBRANZA GENERAL OLGUIN
B21: Segmento | C21: Cuentas | D21: Recuperación
B22: Extrajudicial - 0 a 28 semanas de atraso | C22: 3591 | D22: 206596.71
B23: Extrajudicial - 29 a 39 semanas de atraso | C23: 1622 | D23: 11455.53
B24: Extrajudicial - 40 a 55 semanas de atraso | C24: 3188 | D24: 25280.99
B25: Mas 55 semanas de atraso | C25: 20975 | D25: 112203.76
B26: Total general | C26: =SUM(C22:C25) -> 29376 | D26: =SUM(D22:D25) -> 355536.99
B28: COBRANZA GENERAL SOFIA
B29: Segmento | C29: Cuentas | D29: Recuperación
B30: Extrajudicial - 0 a 28 semanas de atraso | C30: 1667 | D30: 131462.24
B31: Extrajudicial - 29 a 39 semanas de atraso | C31: 883 | D31: 45290.9
B32: Extrajudicial - 40 a 55 semanas de atraso | C32: 3198 | D32: 16326
B33: Mas 55 semanas de atraso | C33: 1751 | D33: 2301.38
B34: Total general | C34: =SUM(C30:C33) -> 7499 | D34: =SUM(D30:D33) -> 195380.52
B36: COBRANZA GENERAL FERNANDO
B37: Segmento | C37: Cuentas | D37: Recuperación
B38: Extrajudicial - 0 a 28 semanas de atraso | C38: 3125 | D38: 74683
B39: Total general | C39: =SUM(C38:C38) -> 3125 | D39: =SUM(D38:D38) -> 74683
B42: Cobranza Total | C42: =SUM(C10+C34+C18+C26+C39) -> 127666 | D42: =SUM(D10+D34+D18+D26+D39) -> 2390495.8

Sheet DATA

Sheet EPR 21 MAR
B2: REPORTE CONSOLIDADO POR SEGMENTOS
B3: SALDO ACUMULADO SEMANA 12
B5: COORDINADOR | C5: SEGMENTO | D5: CUENTAS | E5: COBRANZA REAL | F5: CUOTA IDEAL | G5: VARIACION | H5: % VAR | I5: EPR | J5: EPR IDEAL | K5: VAR EPR
B6: Samatha y Zareth | C6: Extrajudicial - 0 a 28 semanas de atraso | D6: =SUMIF('REPORTE DIARIO'!B:B,'EPR 21 MAR'!C6, 'REPORTE DIARIO'!C:C) -> 17613 | E6: =SUMIF('REPORTE DIARIO'!B:B,'EPR 21 MAR'!C6, 'REPORTE DIARIO'!D:D) -> 1029686 | F6: =J6*D6 -> 3019371.4 | G6: =+E6-F6 -> -1989685.5 | H6: =ABS(G6/F6) -> 0.6589734 | I6: =E6/D6 -> 58.461702 | J6: =(200/7) *6 -> 171.42857 | K6: =+I6-J6 -> -112.96687
B7: Gabriel | C7: Extrajudicial - 29 a 39 semanas de atraso | D7: =SUMIF('REPORTE DIARIO'!B:B,'EPR 21 MAR'!C7, 'REPORTE DIARIO'!C:C) -> 12752 | E7: =SUMIF('REPORTE DIARIO'!B:B,'EPR 21 MAR'!C7, 'REPORTE DIARIO'!D:D) -> 400627.74 | F7: =J7*D7 -> 1202331.4 | G7: =+E7-F7 -> -801703.69 | H7: =ABS(G7/F7) -> 0.66679093 | I7: =E7/D7 -> 31.416855 | J7: =(110/7)*6 -> 94.285714 | K7: =+I7-J7 -> -62.868859
B8: Gabriel | C8: Extrajudicial - 40 a 55 semanas de atraso | D8: =SUMIF('REPORTE DIARIO'!B:B,'EPR 21 MAR'!C8, 'REPORTE DIARIO'!C:C) -> 16398 | E8: =SUMIF('REPORTE DIARIO'!B:B,'EPR 21 MAR'!C8, 'REPORTE DIARIO'!D:D) -> 333109.14 | F8: =J8*D8 -> 632494.29 | G8: =+E8-F8 -> -299385.15 | H8: =ABS(G8/F8) -> 0.47334048 | I8: =E8/D8 -> 20.31401 | J8: =(45/7)*6 -> 38.571429 | K8: =+I8-J8 -> -18.257418
B9: Fernando | C9: Mas 55 semanas de atraso | D9: =SUMIF('REPORTE DIARIO'!B:B,'EPR 21 MAR'!C9, 'REPORTE DIARIO'!C:C) -> 80882 | E9: =SUMIF('REPORTE DIARIO'!B:B,'EPR 21 MAR'!C9, 'REPORTE DIARIO'!D:D) -> 627073.01 | F9: =J9*D9 -> 1039911.4 | G9: =+E9-F9 -> -412838.42 | H9: =ABS(G9/F9) -> 0.39699383 | I9: =E9/D9 -> 7.7529365 | J9: =(15/7)*6 -> 12.857143 | K9: =+I9-J9 -> -5.1042064
C10: TOTAL | D10: =SUM(D6:D9) -> 127645 | E10: =SUM(E6:E9) -> 2390495.9 | F10: =SUM(F6:F9) -> 5894108.6 | G10: =+E10-F10 -> -3503612.7 | H10: =ABS(G10/F10) -> 0.59442623 | I10: =E10/D10 -> 18.727689 | J10: =F10/D10 -> 46.175789 | K10: =I10-J10 -> -27.4481
B12: Nota:
B13: El saldo consolidado incluye los siguientes despachos
B14: Samantha, Sofia, Edith, Olguin y Fernando
