Workbook

Sheet REPORTE DIARIO
B3: COBRANZA GENERAL SAMANTHA
B4: Segmento | C4: Cuentas | D4: Recuperación
B5: Extrajudicial - 0 a 28 semanas de atraso | C5: 6849 | D5: 405683.25
B6: Extrajudicial - 29 a 39 semanas de atraso | C6: 8351 | D6: 321659.76
B7: Extrajudicial - 40 a 55 semanas de atraso | C7: 9478 | D7: 370938
B8: JUDICIAL | C8: 21 | D8: 0
B9: Mas 55 semanas de atraso | C9: 49585 | D9: 426816.96
B10: Total general | C10: =SUM(C5:C9) -> 74284 | D10: =SUM(D5:D9) -> 1525098
B12: COBRANZA GENERAL OLGUIN
B13: Segmento | C13: Cuentas | D13: Recuperación
B14: Extrajudicial - 0 a 28 semanas de atraso | C14: 3849 | D14: 245221.78
B15: Extrajudicial - 29 a 39 semanas de atraso | C15: 1413 | D15: 36101.7
B16: Extrajudicial - 40 a 55 semanas de atraso | C16: 3162 | D16: 56706.58
B17: Mas 55 semanas de atraso | C17: 20887 | D17: 170110.76
B18: Total general | C18: =SUM(C14:C17) -> 29311 | D18: =SUM(D14:D17) -> 508140.82
B20: COBRANZA GENERAL EDITH
B21: Segmento | C21: Cuentas | D21: Recuperación
B22: Extrajudicial - 0 a 28 semanas de atraso | C22: 1885 | D22: 210853.69
B23: Extrajudicial - 29 a 39 semanas de atraso | C23: 1352 | D23: 107981.27
B24: Extrajudicial - 40 a 55 semanas de atraso | C24: 14 | D24: 16354
B25: Mas 55 semanas de atraso | C25: 720 | D25: 28296
B26: Total general | C26: =SUM(C22:C25) -> 3971 | D26: =SUM(D22:D25) -> 363484.96
B28: COBRANZA GENERAL SOFIA
B29: Segmento | C29: Cuentas | D29: Recuperación
B30: Extrajudicial - 0 a 28 semanas de atraso | C30: 1790 | D30: 230648.17
B31: Extrajudicial - 29 a 39 semanas de atraso | C31: 633 | D31: 33641.11
B32: Extrajudicial - 40 a 55 semanas de atraso | C32: 539 | D32: 8696
B33: Mas 55 semanas de atraso | C33: 1678 | D33: 0
B34: Total general | C34: =SUM(C30:C33) -> 4640 | D34: =SUM(D30:D33) -> 272985.28
B36: COBRANZA GENERAL FERNANDO
B37: Segmento | C37: Cuentas | D37: Recuperación
B38: Extrajudicial - 0 a 28 semanas de atraso | C38: 3001 | D38: 111148
B39: Total general | C39: =SUM(C38:C38) -> 3001 | D39: =SUM(D38:D38) -> 111148
B42: Cobranza Total | C42: =SUM(C10+C34+C26+C18+C39) -> 115207 | D42: =SUM(D10+D34+D26+D18+D39) -> 2780857

Sheet DATA

Sheet EPR 14 MAR
B2: REPORTE CONSOLIDADO POR SEGMENTOS
B3: SALDO ACUMULADO SEMANA 11
B5: COORDINADOR | C5: SEGMENTO | D5: CUENTAS | E5: COBRANZA REAL | F5: CUOTA IDEAL | G5: VARIACION | H5: % VAR | I5: EPR | J5: EPR IDEAL | K5: VAR EPR
B6: Samatha y Zareth | C6: Extrajudicial - 0 a 28 semanas de atraso | D6: =SUMIF('REPORTE DIARIO'!B:B,'EPR 14 MAR'!C6, 'REPORTE DIARIO'!C:C) -> 17374 | E6: =SUMIF('REPORTE DIARIO'!B:B,'EPR 14 MAR'!C6, 'REPORTE DIARIO'!D:D) -> 1203554.9 | F6: =J6*D6 -> 2978400 | G6: =+E6-F6 -> -1774845.1 | H6: =ABS(G6/F6) -> 0.59590556 | I6: =E6/D6 -> 69.273333 | J6: =(200/7) * 6 -> 171.42857 | K6: =+I6-J6 -> -102.15524
B7: Gabriel | C7: Extrajudicial - 29 a 39 semanas de atraso | D7: =SUMIF('REPORTE DIARIO'!B:B,'EPR 14 MAR'!C7, 'REPORTE DIARIO'!C:C) -> 11749 | E7: =SUMIF('REPORTE DIARIO'!B:B,'EPR 14 MAR'!C7, 'REPORTE DIARIO'!D:D) -> 499383.84 | F7: =J7*D7 -> 1107762.9 | G7: =+E7-F7 -> -608379.02 | H7: =ABS(G7/F7) -> 0.54919608 | I7: =E7/D7 -> 42.50437 | J7: =(110/7)*6 -> 94.285714 | K7: =+I7-J7 -> -51.781345
B8: Gabriel | C8: Extrajudicial - 40 a 55 semanas de atraso | D8: =SUMIF('REPORTE DIARIO'!B:B,'EPR 14 MAR'!C8, 'REPORTE DIARIO'!C:C) -> 13193 | E8: =SUMIF('REPORTE DIARIO'!B:B,'EPR 14 MAR'!C8, 'REPORTE DIARIO'!D:D) -> 452694.58 | F8: =J8*D8 -> 508872.86 | G8: =+E8-F8 -> -56178.277 | H8: =ABS(G8/F8) -> 0.11039747 | I8: =E8/D8 -> 34.31324 | J8: =(45/7)*6 -> 38.571429 | K8: =+I8-J8 -> -4.2581882
B9: Fernando | C9: Mas 55 semanas de atraso | D9: =SUMIF('REPORTE DIARIO'!B:B,'EPR 14 MAR'!C9, 'REPORTE DIARIO'!C:C) -> 72870 | E9: =SUMIF('REPORTE DIARIO'!B:B,'EPR 14 MAR'!C9, 'REPORTE DIARIO'!D:D) -> 625223.72 | F9: =J9*D9 -> 936900 | G9: =+E9-F9 -> -311676.28 | H9: =ABS(G9/F9) -> 0.33266761 | I9: =E9/D9 -> 8.5799879 | J9: =(15/7)*6 -> 12.857143 | K9: =+I9-J9 -> -4.2771549
C10: TOTAL | D10: =SUM(D6:D9) -> 115186 | E10: =SUM(E6:E9) -> 2780857 | F10: =SUM(F6:F9) -> 5531935.7 | G10: =+E10-F10 -> -2751078.7 | H10: =ABS(G10/F10) -> 0.49730851 | I10: =E10/D10 -> 24.142318 | J10: =F10/D10 -> 48.026112 | K10: =I10-J10 -> -23.883794
B12: Nota:
B13: El saldo consolidado incluye los siguientes despachos
B14: Samantha, Sofia, Edith, Olguin y Fernando
