Workbook

Sheet REPORTE DIARIO
B3: COBRANZA GENERAL SAMANTHA
B4: Segmento | C4: Cuentas | D4: Recuperación
B5: Extrajudicial - 0 a 28 semanas de atraso | C5: 6840 | D5: 238357.52
B6: Extrajudicial - 29 a 39 semanas de atraso | C6: 8164 | D6: 124069.95
B7: Extrajudicial - 40 a 55 semanas de atraso | C7: 9362 | D7: 92380
B8: JUDICIAL | C8: 21 | D8: 0
B9: Mas 55 semanas de atraso | C9: 49504 | D9: 229512.14
B10: Total general | C10: =SUM(C5:C9) -> 73891 | D10: =SUM(D5:D9) -> 684319.61
B12: COBRANZA GENERAL SOFIA
B13: Segmento | C13: Cuentas | D13: Recuperación
B14: Extrajudicial - 0 a 28 semanas de atraso | C14: 1835 | D14: 158703.13
B15: Extrajudicial - 29 a 39 semanas de atraso | C15: 635 | D15: 20098
B16: Extrajudicial - 40 a 55 semanas de atraso | C16: 541 | D16: 4424
B17: Mas 55 semanas de atraso | C17: 1678 | D17: 0
B18: Total general | C18: =SUM(C14:C17) -> 4689 | D18: =SUM(D14:D17) -> 183225.13
B20: COBRANZA GENERAL OLGUIN
B21: Segmento | C21: Cuentas | D21: Recuperación
B22: Extrajudicial - 0 a 28 semanas de atraso | C22: 3862 | D22: 79105
B23: Extrajudicial - 29 a 39 semanas de atraso | C23: 1386 | D23: 6308.74
B24: Extrajudicial - 40 a 55 semanas de atraso | C24: 3158 | D24: 8544.58
B25: Mas 55 semanas de atraso | C25: 20884 | D25: 82867
B26: Total general | C26: =SUM(C22:C25) -> 29290 | D26: =SUM(D22:D25) -> 176825.32
B28: COBRANZA GENERAL EDITH
B29: Segmento | C29: Cuentas | D29: Recuperación
B30: Extrajudicial - 0 a 28 semanas de atraso | C30: 1896 | D30: 123333.74
B31: Extrajudicial - 29 a 39 semanas de atraso | C31: 1111 | D31: 31317
B32: Extrajudicial - 40 a 55 semanas de atraso | C32: 13 | D32: 0
B33: Mas 55 semanas de atraso | C33: 711 | D33: 2653
B34: Total general | C34: =SUM(C30:C33) -> 3731 | D34: =SUM(D30:D33) -> 157303.74
B36: COBRANZA GENERAL FERNANDO
B37: Segmento | C37: Cuentas | D37: Recuperación
B38: Extrajudicial - 0 a 28 semanas de atraso | C38: 2991 | D38: 65299
B39: Total general | C39: =SUM(C38:C38) -> 2991 | D39: =SUM(D38:D38) -> 65299
B42: Cobranza Total | C42: =SUM(C10+C18+C34+C26+C39) -> 114592 | D42: =SUM(D10+D18+D34+D26+D39) -> 1266972.8

Sheet DATA

Sheet EPR 12 MAR
B2: REPORTE CONSOLIDADO POR SEGMENTOS
B3: SALDO ACUMULADO SEMANA 11
B5: COORDINADOR | C5: SEGMENTO | D5: CUENTAS | E5: COBRANZA REAL | F5: CUOTA IDEAL | G5: VARIACION | H5: % VAR | I5: EPR | J5: EPR IDEAL | K5: VAR EPR
B6: Samatha y Zareth | C6: Extrajudicial - 0 a 28 semanas de atraso | D6: =SUMIF('REPORTE DIARIO'!B:B,'EPR 12 MAR'!C6, 'REPORTE DIARIO'!C:C) -> 17424 | E6: =SUMIF('REPORTE DIARIO'!B:B,'EPR 12 MAR'!C6, 'REPORTE DIARIO'!D:D) -> 664798.39 | F6: =J6*D6 -> 1493485.7 | G6: =+E6-F6 -> -828687.32 | H6: =ABS(G6/F6) -> 0.55486793 | I6: =E6/D6 -> 38.154178 | J6: =(200/7) * 3 -> 85.714286 | K6: =+I6-J6 -> -47.560108
B7: Gabriel | C7: Extrajudicial - 29 a 39 semanas de atraso | D7: =SUMIF('REPORTE DIARIO'!B:B,'EPR 12 MAR'!C7, 'REPORTE DIARIO'!C:C) -> 11296 | E7: =SUMIF('REPORTE DIARIO'!B:B,'EPR 12 MAR'!C7, 'REPORTE DIARIO'!D:D) -> 181793.69 | F7: =J7*D7 -> 532525.71 | G7: =+E7-F7 -> -350732.02 | H7: =ABS(G7/F7) -> 0.65861988 | I7: =E7/D7 -> 16.093634 | J7: =(110/7)*3 -> 47.142857 | K7: =+I7-J7 -> -31.049223
B8: Gabriel | C8: Extrajudicial - 40 a 55 semanas de atraso | D8: =SUMIF('REPORTE DIARIO'!B:B,'EPR 12 MAR'!C8, 'REPORTE DIARIO'!C:C) -> 13074 | E8: =SUMIF('REPORTE DIARIO'!B:B,'EPR 12 MAR'!C8, 'REPORTE DIARIO'!D:D) -> 105348.58 | F8: =J8*D8 -> 252141.43 | G8: =+E8-F8 -> -146792.85 | H8: =ABS(G8/F8) -> 0.58218457 | I8: =E8/D8 -> 8.0578691 | J8: =(45/7)*3 -> 19.285714 | K8: =+I8-J8 -> -11.227845
B9: Fernando | C9: Mas 55 semanas de atraso | D9: =SUMIF('REPORTE DIARIO'!B:B,'EPR 12 MAR'!C9, 'REPORTE DIARIO'!C:C) -> 72777 | E9: =SUMIF('REPORTE DIARIO'!B:B,'EPR 12 MAR'!C9, 'REPORTE DIARIO'!D:D) -> 315032.14 | F9: =J9*D9 -> 467852.14 | G9: =+E9-F9 -> -152820 | H9: =ABS(G9/F9) -> 0.32664166 | I9: =E9/D9 -> 4.3287322 | J9: =(15/7)*3 -> 6.4285714 | K9: =+I9-J9 -> -2.0998393
C10: TOTAL | D10: =SUM(D6:D9) -> 114571 | E10: =SUM(E6:E9) -> 1266972.8 | F10: =SUM(F6:F9) -> 2746005 | G10: =+E10-F10 -> -1479032.2 | H10: =ABS(G10/F10) -> 0.53861235 | I10: =E10/D10 -> 11.058407 | J10: =F10/D10 -> 23.967714 | K10: =I10-J10 -> -12.909307
B12: Nota:
B13: El saldo consolidado incluye los siguientes despachos
B14: Samantha, Sofia, Edith, Olguin y Fernando
