Workbook

Sheet REPORTE DIARIO
B3: COBRANZA GENERAL SAMANTHA
B4: Segmento | C4: Cuentas | D4: Recuperación
B5: Extrajudicial - 0 a 28 semanas de atraso | C5: 6970 | D5: 75657.32
B6: Extrajudicial - 29 a 39 semanas de atraso | C6: 8266 | D6: 51215
B7: Extrajudicial - 40 a 55 semanas de atraso | C7: 9565 | D7: 19732
B8: JUDICIAL | C8: 21 | D8: 0
B9: Mas 55 semanas de atraso | C9: 49575 | D9: 102344.03
B10: Total general | C10: =SUM(C5:C9) -> 74397 | D10: =SUM(D5:D9) -> 248948.35
B12: COBRANZA GENERAL OLGUIN
B13: Segmento | C13: Cuentas | D13: Recuperación
B14: Extrajudicial - 0 a 28 semanas de atraso | C14: 3612 | D14: 45190
B15: Extrajudicial - 29 a 39 semanas de atraso | C15: 1369 | D15: 4100
B16: Extrajudicial - 40 a 55 semanas de atraso | C16: 3161 | D16: 1620
B17: Mas 55 semanas de atraso | C17: 20873 | D17: 12783
B18: Total general | C18: =SUM(C14:C17) -> 29015 | D18: =SUM(D14:D17) -> 63693
B20: COBRANZA GENERAL EDITH
B21: Segmento | C21: Cuentas | D21: Recuperación
B22: Extrajudicial - 0 a 28 semanas de atraso | C22: 1750 | D22: 30748.2
B23: Extrajudicial - 29 a 39 semanas de atraso | C23: 936 | D23: 1371
B24: Extrajudicial - 40 a 55 semanas de atraso | C24: 13 | D24: 0
B25: Mas 55 semanas de atraso | C25: 712 | D25: 0
B26: Total general | C26: =SUM(C22:C25) -> 3411 | D26: =SUM(D22:D25) -> 32119.2
B28: COBRANZA GENERAL SOFIA
B29: Segmento | C29: Cuentas | D29: Recuperación
B30: Extrajudicial - 0 a 28 semanas de atraso | C30: 1698 | D30: 20735
B31: Extrajudicial - 29 a 39 semanas de atraso | C31: 639 | D31: 1043
B32: Extrajudicial - 40 a 55 semanas de atraso | C32: 571 | D32: 1008
B33: Mas 55 semanas de atraso | C33: 1779 | D33: 0
B34: Total general | C34: =SUM(C30:C33) -> 4687 | D34: =SUM(D30:D33) -> 22786
B36: COBRANZA GENERAL FERNANDO
B37: Segmento | C37: Cuentas | D37: Recuperación
B38: Extrajudicial - 0 a 28 semanas de atraso | C38: 5107 | D38: 10373
B39: Total general | C39: =SUM(C38:C38) -> 5107 | D39: =SUM(D38:D38) -> 10373
B42: Cobranza Total | C42: =SUM(C10+C34+C26+C18+C39) -> 116617 | D42: =SUM(D10+D34+D26+D18+D39) -> 377919.55

Sheet DATA

Sheet EPR 11 MAR
B2: REPORTE CONSOLIDADO POR SEGMENTOS
B3: COBRANZA 11 MARZO
B5: COORDINADOR | C5: SEGMENTO | D5: CUENTAS | E5: COBRANZA REAL | F5: CUOTA IDEAL | G5: VARIACION | H5: % VAR | I5: EPR | J5: EPR IDEAL | K5: VAR EPR
B6: Samatha y Zareth | C6: Extrajudicial - 0 a 28 semanas de atraso | D6: =SUMIF('REPORTE DIARIO'!B:B,'EPR 11 MAR'!C6, 'REPORTE DIARIO'!C:C) -> 19137 | E6: =SUMIF('REPORTE DIARIO'!B:B,'EPR 11 MAR'!C6, 'REPORTE DIARIO'!D:D) -> 182703.52 | F6: =J6*D6 -> 546771.43 | G6: =+E6-F6 -> -364067.91 | H6: =ABS(G6/F6) -> 0.66585028 | I6: =E6/D6 -> 9.5471349 | J6: =200/7 -> 28.571429 | K6: =+I6-J6 -> -19.024294
B7: Gabriel | C7: Extrajudicial - 29 a 39 semanas de atraso | D7: =SUMIF('REPORTE DIARIO'!B:B,'EPR 11 MAR'!C7, 'REPORTE DIARIO'!C:C) -> 11210 | E7: =SUMIF('REPORTE DIARIO'!B:B,'EPR 11 MAR'!C7, 'REPORTE DIARIO'!D:D) -> 57729 | F7: =J7*D7 -> 176157.14 | G7: =+E7-F7 -> -118428.14 | H7: =ABS(G7/F7) -> 0.67228692 | I7: =E7/D7 -> 5.149777 | J7: =110/7 -> 15.714286 | K7: =+I7-J7 -> -10.564509
B8: Gabriel | C8: Extrajudicial - 40 a 55 semanas de atraso | D8: =SUMIF('REPORTE DIARIO'!B:B,'EPR 11 MAR'!C8, 'REPORTE DIARIO'!C:C) -> 13310 | E8: =SUMIF('REPORTE DIARIO'!B:B,'EPR 11 MAR'!C8, 'REPORTE DIARIO'!D:D) -> 22360 | F8: =J8*D8 -> 85564.286 | G8: =+E8-F8 -> -63204.286 | H8: =ABS(G8/F8) -> 0.73867602 | I8: =E8/D8 -> 1.6799399 | J8: =45/7 -> 6.4285714 | K8: =+I8-J8 -> -4.7486315
B9: Fernando | C9: Mas 55 semanas de atraso | D9: =SUMIF('REPORTE DIARIO'!B:B,'EPR 11 MAR'!C9, 'REPORTE DIARIO'!C:C) -> 72939 | E9: =SUMIF('REPORTE DIARIO'!B:B,'EPR 11 MAR'!C9, 'REPORTE DIARIO'!D:D) -> 115127.03 | F9: =J9*D9 -> 156297.86 | G9: =+E9-F9 -> -41170.827 | H9: =ABS(G9/F9) -> 0.26341261 | I9: =E9/D9 -> 1.5784015 | J9: =15/7 -> 2.1428571 | K9: =+I9-J9 -> -0.5644556
C10: TOTAL | D10: =SUM(D6:D9) -> 116596 | E10: =SUM(E6:E9) -> 377919.55 | F10: =SUM(F6:F9) -> 964790.71 | G10: =+E10-F10 -> -586871.16 | H10: =ABS(G10/F10) -> 0.60828857 | I10: =E10/D10 -> 3.2412737 | J10: =F10/D10 -> 8.2746468 | K10: =I10-J10 -> -5.0333731
B12: Nota:
B13: El saldo consolidado incluye los siguientes despachos
B14: Samantha, Sofia, Edith, Olguin y Fernando
