Workbook

Sheet REPORTE DIARIO
B3: COBRANZA GENERAL SAMANTHA
B4: Segmento | C4: Cuentas | D4: Recuperación
B5: Extrajudicial - 0 a 28 semanas de atraso | C5: 7157 | D5: 246420.49
B6: Extrajudicial - 29 a 39 semanas de atraso | C6: 8544 | D6: 110578.13
B7: Extrajudicial - 40 a 55 semanas de atraso | C7: 10120 | D7: 182125.72
B8: JUDICIAL | C8: 21 | D8: 0
B9: Mas 55 semanas de atraso | C9: 49920 | D9: 166619.32
B10: Total general | C10: =SUM(C5:C9) -> 75762 | D10: =SUM(D5:D9) -> 705743.66
B12: COBRANZA GENERAL OLGUIN
B13: Segmento | C13: Cuentas | D13: Recuperación
B14: Extrajudicial - 0 a 28 semanas de atraso | C14: 3786 | D14: 156525.72
B15: Extrajudicial - 29 a 39 semanas de atraso | C15: 1679 | D15: 2845.49
B16: Extrajudicial - 40 a 55 semanas de atraso | C16: 3267 | D16: 19080.99
B17: Mas 55 semanas de atraso | C17: 20984 | D17: 59964.71
B18: Total general | C18: =SUM(C14:C17) -> 29716 | D18: =SUM(D14:D17) -> 238416.91
B20: COBRANZA GENERAL EDITH
B21: Segmento | C21: Cuentas | D21: Recuperación
B22: Extrajudicial - 0 a 28 semanas de atraso | C22: 2027 | D22: 101909
B23: Extrajudicial - 29 a 39 semanas de atraso | C23: 1728 | D23: 18361.1
B24: Extrajudicial - 40 a 55 semanas de atraso | C24: 267 | D24: 1050
B25: Mas 55 semanas de atraso | C25: 8252 | D25: 21807
B26: Total general | C26: =SUM(C22:C25) -> 12274 | D26: =SUM(D22:D25) -> 143127.1
B28: COBRANZA GENERAL SOFIA
B29: Segmento | C29: Cuentas | D29: Recuperación
B30: Extrajudicial - 0 a 28 semanas de atraso | C30: 1671 | D30: 76895.34
B31: Extrajudicial - 29 a 39 semanas de atraso | C31: 876 | D31: 22250
B32: Extrajudicial - 40 a 55 semanas de atraso | C32: 3574 | D32: 2974
B33: Mas 55 semanas de atraso | C33: 1750 | D33: 1620.38
B34: Total general | C34: =SUM(C30:C33) -> 7871 | D34: =SUM(D30:D33) -> 103739.72
B36: COBRANZA GENERAL FERNANDO
B37: Segmento | C37: Cuentas | D37: Recuperación
B38: Extrajudicial - 0 a 28 semanas de atraso | C38: 3126 | D38: 36084
B39: Total general | C39: =SUM(C38:C38) -> 3126 | D39: =SUM(D38:D38) -> 36084
B42: Cobranza Total | C42: =SUM(C10+C34+C26+C18+C39) -> 128749 | D42: =SUM(D10+D34+D26+D18+D39) -> 1227111.4

Sheet DATA

Sheet EPR 19 MAR
B2: REPORTE CONSOLIDADO POR SEGMENTOS
B3: SALDO ACUMULADO SEMANA 12
B5: COORDINADOR | C5: SEGMENTO | D5: CUENTAS | E5: COBRANZA REAL | F5: CUOTA IDEAL | G5: VARIACION | H5: % VAR | I5: EPR | J5: EPR IDEAL | K5: VAR EPR
B6: Samatha y Zareth | C6: Extrajudicial - 0 a 28 semanas de atraso | D6: =SUMIF('REPORTE DIARIO'!B:B,'EPR 19 MAR'!C6, 'REPORTE DIARIO'!C:C) -> 17767 | E6: =SUMIF('REPORTE DIARIO'!B:B,'EPR 19 MAR'!C6, 'REPORTE DIARIO'!D:D) -> 617834.55 | F6: =J6*D6 -> 1522885.7 | G6: =+E6-F6 -> -905051.16 | H6: =ABS(G6/F6) -> 0.59430012 | I6: =E6/D6 -> 34.774275 | J6: =(200/7) *3 -> 85.714286 | K6: =+I6-J6 -> -50.94001
B7: Gabriel | C7: Extrajudicial - 29 a 39 semanas de atraso | D7: =SUMIF('REPORTE DIARIO'!B:B,'EPR 19 MAR'!C7, 'REPORTE DIARIO'!C:C) -> 12827 | E7: =SUMIF('REPORTE DIARIO'!B:B,'EPR 19 MAR'!C7, 'REPORTE DIARIO'!D:D) -> 154034.72 | F7: =J7*D7 -> 604701.43 | G7: =+E7-F7 -> -450666.71 | H7: =ABS(G7/F7) -> 0.74527145 | I7: =E7/D7 -> 12.008632 | J7: =(110/7)*3 -> 47.142857 | K7: =+I7-J7 -> -35.134225
B8: Gabriel | C8: Extrajudicial - 40 a 55 semanas de atraso | D8: =SUMIF('REPORTE DIARIO'!B:B,'EPR 19 MAR'!C8, 'REPORTE DIARIO'!C:C) -> 17228 | E8: =SUMIF('REPORTE DIARIO'!B:B,'EPR 19 MAR'!C8, 'REPORTE DIARIO'!D:D) -> 205230.71 | F8: =J8*D8 -> 332254.29 | G8: =+E8-F8 -> -127023.58 | H8: =ABS(G8/F8) -> 0.38230831 | I8: =E8/D8 -> 11.912625 | J8: =(45/7)*3 -> 19.285714 | K8: =+I8-J8 -> -7.3730889
B9: Fernando | C9: Mas 55 semanas de atraso | D9: =SUMIF('REPORTE DIARIO'!B:B,'EPR 19 MAR'!C9, 'REPORTE DIARIO'!C:C) -> 80906 | E9: =SUMIF('REPORTE DIARIO'!B:B,'EPR 19 MAR'!C9, 'REPORTE DIARIO'!D:D) -> 250011.41 | F9: =J9*D9 -> 520110 | G9: =+E9-F9 -> -270098.59 | H9: =ABS(G9/F9) -> 0.51931051 | I9: =E9/D9 -> 3.0901467 | J9: =(15/7)*3 -> 6.4285714 | K9: =+I9-J9 -> -3.3384247
C10: TOTAL | D10: =SUM(D6:D9) -> 128728 | E10: =SUM(E6:E9) -> 1227111.4 | F10: =SUM(F6:F9) -> 2979951.4 | G10: =+E10-F10 -> -1752840 | H10: =ABS(G10/F10) -> 0.58821094 | I10: =E10/D10 -> 9.5325911 | J10: =F10/D10 -> 23.149209 | K10: =I10-J10 -> -13.616618
B12: Nota:
B13: El saldo consolidado incluye los siguientes despachos
B14: Samantha, Sofia, Edith, Olguin y Fernando
