Workbook

Sheet REPORTE DIARIO
B3: COBRANZA GENERAL SAMANTHA
B4: Segmento | C4: Cuentas | D4: Recuperación
B5: Extrajudicial - 0 a 28 semanas de atraso | C5: 6910 | D5: 556400.73
B6: Extrajudicial - 29 a 39 semanas de atraso | C6: 8394 | D6: 440617.63
B7: Extrajudicial - 40 a 55 semanas de atraso | C7: 9611 | D7: 456326
B8: JUDICIAL | C8: 21 | D8: 0
B9: Mas 55 semanas de atraso | C9: 49990 | D9: 551275.46
B10: Total general | C10: =SUM(C5:C9) -> 74926 | D10: =SUM(D5:D9) -> 2004619.8
B12: COBRANZA GENERAL OLGUIN
B13: Segmento | C13: Cuentas | D13: Recuperación
B14: Extrajudicial - 0 a 28 semanas de atraso | C14: 3886 | D14: 271757.23
B15: Extrajudicial - 29 a 39 semanas de atraso | C15: 1438 | D15: 40515.7
B16: Extrajudicial - 40 a 55 semanas de atraso | C16: 3189 | D16: 78242.17
B17: Mas 55 semanas de atraso | C17: 20920 | D17: 197945.35
B18: Total general | C18: =SUM(C14:C17) -> 29433 | D18: =SUM(D14:D17) -> 588460.45
B20: COBRANZA GENERAL EDITH
B21: Segmento | C21: Cuentas | D21: Recuperación
B22: Extrajudicial - 0 a 28 semanas de atraso | C22: 1888 | D22: 267968.69
B23: Extrajudicial - 29 a 39 semanas de atraso | C23: 1362 | D23: 144670.88
B24: Extrajudicial - 40 a 55 semanas de atraso | C24: 15 | D24: 16354
B25: Mas 55 semanas de atraso | C25: 733 | D25: 35796
B26: Total general | C26: =SUM(C22:C25) -> 3998 | D26: =SUM(D22:D25) -> 464789.57
B28: COBRANZA GENERAL SOFIA
B29: Segmento | C29: Cuentas | D29: Recuperación
B30: Extrajudicial - 0 a 28 semanas de atraso | C30: 1791 | D30: 266816.25
B31: Extrajudicial - 29 a 39 semanas de atraso | C31: 633 | D31: 35229.11
B32: Extrajudicial - 40 a 55 semanas de atraso | C32: 535 | D32: 14014
B33: Mas 55 semanas de atraso | C33: 1678 | D33: 722.11
B34: Total general | C34: =SUM(C30:C33) -> 4637 | D34: =SUM(D30:D33) -> 316781.47
B36: COBRANZA GENERAL FERNANDO
B37: Segmento | C37: Cuentas | D37: Recuperación
B38: Extrajudicial - 0 a 28 semanas de atraso | C38: 3033 | D38: 128339
B39: Total general | C39: =SUM(C38:C38) -> 3033 | D39: =SUM(D38:D38) -> 128339
B42: Cobranza Total | C42: =SUM(C10+C34+C26+C18+C39) -> 116027 | D42: =SUM(D10+D34+D26+D18+D39) -> 3502990.3

Sheet DATA

Sheet EPR 15 MAR
B2: REPORTE CONSOLIDADO POR SEGMENTOS
B3: SALDO ACUMULADO SEMANA 11
B5: COORDINADOR | C5: SEGMENTO | D5: CUENTAS | E5: COBRANZA REAL | F5: CUOTA IDEAL | G5: VARIACION | H5: % VAR | I5: EPR | J5: EPR IDEAL | K5: VAR EPR
B6: Samatha y Zareth | C6: Extrajudicial - 0 a 28 semanas de atraso | D6: =SUMIF('REPORTE DIARIO'!B:B,'EPR 15 MAR'!C6, 'REPORTE DIARIO'!C:C) -> 17508 | E6: =SUMIF('REPORTE DIARIO'!B:B,'EPR 15 MAR'!C6, 'REPORTE DIARIO'!D:D) -> 1491281.9 | F6: =J6*D6 -> 3001371.4 | G6: =+E6-F6 -> -1510089.5 | H6: =ABS(G6/F6) -> 0.50313317 | I6: =E6/D6 -> 85.17717 | J6: =(200/7) * 6 -> 171.42857 | K6: =+I6-J6 -> -86.251401
B7: Gabriel | C7: Extrajudicial - 29 a 39 semanas de atraso | D7: =SUMIF('REPORTE DIARIO'!B:B,'EPR 15 MAR'!C7, 'REPORTE DIARIO'!C:C) -> 11827 | E7: =SUMIF('REPORTE DIARIO'!B:B,'EPR 15 MAR'!C7, 'REPORTE DIARIO'!D:D) -> 661033.32 | F7: =J7*D7 -> 1115117.1 | G7: =+E7-F7 -> -454083.82 | H7: =ABS(G7/F7) -> 0.40720728 | I7: =E7/D7 -> 55.891885 | J7: =(110/7)*6 -> 94.285714 | K7: =+I7-J7 -> -38.39383
B8: Gabriel | C8: Extrajudicial - 40 a 55 semanas de atraso | D8: =SUMIF('REPORTE DIARIO'!B:B,'EPR 15 MAR'!C8, 'REPORTE DIARIO'!C:C) -> 13350 | E8: =SUMIF('REPORTE DIARIO'!B:B,'EPR 15 MAR'!C8, 'REPORTE DIARIO'!D:D) -> 564936.17 | F8: =J8*D8 -> 514928.57 | G8: =+E8-F8 -> 50007.599 | H8: =ABS(G8/F8) -> 0.097115603 | I8: =E8/D8 -> 42.317316 | J8: =(45/7)*6 -> 38.571429 | K8: =+I8-J8 -> 3.7458875
B9: Fernando | C9: Mas 55 semanas de atraso | D9: =SUMIF('REPORTE DIARIO'!B:B,'EPR 15 MAR'!C9, 'REPORTE DIARIO'!C:C) -> 73321 | E9: =SUMIF('REPORTE DIARIO'!B:B,'EPR 15 MAR'!C9, 'REPORTE DIARIO'!D:D) -> 785738.92 | F9: =J9*D9 -> 942698.57 | G9: =+E9-F9 -> -156959.65 | H9: =ABS(G9/F9) -> 0.16650036 | I9: =E9/D9 -> 10.716424 | J9: =(15/7)*6 -> 12.857143 | K9: =+I9-J9 -> -2.1407189
C10: TOTAL | D10: =SUM(D6:D9) -> 116006 | E10: =SUM(E6:E9) -> 3502990.3 | F10: =SUM(F6:F9) -> 5574115.7 | G10: =+E10-F10 -> -2071125.4 | H10: =ABS(G10/F10) -> 0.37156125 | I10: =E10/D10 -> 30.19663 | J10: =F10/D10 -> 48.050236 | K10: =I10-J10 -> -17.853606
B12: Nota:
B13: El saldo consolidado incluye los siguientes despachos
B14: Samantha, Sofia, Edith, Olguin y Fernando
