Workbook

Sheet REPORTE DIARIO
B3: COBRANZA GENERAL SAMANTHA
B4: Segmento | C4: Cuentas | D4: Recuperación
B5: Extrajudicial - 0 a 28 semanas de atraso | C5: 7128 | D5: 123044.96
B6: Extrajudicial - 29 a 39 semanas de atraso | C6: 8640 | D6: 79204.13
B7: Extrajudicial - 40 a 55 semanas de atraso | C7: 10223 | D7: 134177
B8: JUDICIAL | C8: 21 | D8: 0
B9: Mas 55 semanas de atraso | C9: 50391 | D9: 133666.14
B10: Total general | C10: =SUM(C5:C9) -> 76403 | D10: =SUM(D5:D9) -> 470092.23
B12: COBRANZA GENERAL OLGUIN
B13: Segmento | C13: Cuentas | D13: Recuperación
B14: Extrajudicial - 0 a 28 semanas de atraso | C14: 3730 | D14: 84157.38
B15: Extrajudicial - 29 a 39 semanas de atraso | C15: 1431 | D15: 1300
B16: Extrajudicial - 40 a 55 semanas de atraso | C16: 3202 | D16: 16015.99
B17: Mas 55 semanas de atraso | C17: 20987 | D17: 45691.2
B18: Total general | C18: =SUM(C14:C17) -> 29350 | D18: =SUM(D14:D17) -> 147164.57
B20: COBRANZA GENERAL EDITH
B21: Segmento | C21: Cuentas | D21: Recuperación
B22: Extrajudicial - 0 a 28 semanas de atraso | C22: 1914 | D22: 71434.09
B23: Extrajudicial - 29 a 39 semanas de atraso | C23: 1384 | D23: 14609
B24: Extrajudicial - 40 a 55 semanas de atraso | C24: 15 | D24: 0
B25: Mas 55 semanas de atraso | C25: 733 | D25: 11925
B26: Total general | C26: =SUM(C22:C25) -> 4046 | D26: =SUM(D22:D25) -> 97968.09
B28: COBRANZA GENERAL SOFIA
B29: Segmento | C29: Cuentas | D29: Recuperación
B30: Extrajudicial - 0 a 28 semanas de atraso | C30: 1794 | D30: 31862.31
B31: Extrajudicial - 29 a 39 semanas de atraso | C31: 638 | D31: 19314
B32: Extrajudicial - 40 a 55 semanas de atraso | C32: 528 | D32: 2693
B33: Mas 55 semanas de atraso | C33: 1680 | D33: 911
B34: Total general | C34: =SUM(C30:C33) -> 4640 | D34: =SUM(D30:D33) -> 54780.31
B36: COBRANZA GENERAL FERNANDO
B37: Segmento | C37: Cuentas | D37: Recuperación
B38: Extrajudicial - 0 a 28 semanas de atraso | C38: 3151 | D38: 31988
B39: Total general | C39: =SUM(C38:C38) -> 3151 | D39: =SUM(D38:D38) -> 31988
B42: Cobranza Total | C42: =SUM(C10+C34+C26+C18+C39) -> 117590 | D42: =SUM(D10+D34+D26+D18+D39) -> 801993.2

Sheet DATA

Sheet EPR 18 MAR
B2: REPORTE CONSOLIDADO POR SEGMENTOS
B3: SALDO ACUMULADO SEMANA 12
B5: COORDINADOR | C5: SEGMENTO | D5: CUENTAS | E5: COBRANZA REAL | F5: CUOTA IDEAL | G5: VARIACION | H5: % VAR | I5: EPR | J5: EPR IDEAL | K5: VAR EPR
B6: Samatha y Zareth | C6: Extrajudicial - 0 a 28 semanas de atraso | D6: =SUMIF('REPORTE DIARIO'!B:B,'EPR 18 MAR'!C6, 'REPORTE DIARIO'!C:C) -> 17717 | E6: =SUMIF('REPORTE DIARIO'!B:B,'EPR 18 MAR'!C6, 'REPORTE DIARIO'!D:D) -> 342486.74 | F6: =J6*D6 -> 1012400 | G6: =+E6-F6 -> -669913.26 | H6: =ABS(G6/F6) -> 0.66170808 | I6: =E6/D6 -> 19.330967 | J6: =(200/7) *2 -> 57.142857 | K6: =+I6-J6 -> -37.81189
B7: Gabriel | C7: Extrajudicial - 29 a 39 semanas de atraso | D7: =SUMIF('REPORTE DIARIO'!B:B,'EPR 18 MAR'!C7, 'REPORTE DIARIO'!C:C) -> 12093 | E7: =SUMIF('REPORTE DIARIO'!B:B,'EPR 18 MAR'!C7, 'REPORTE DIARIO'!D:D) -> 114427.13 | F7: =J7*D7 -> 380065.71 | G7: =+E7-F7 -> -265638.58 | H7: =ABS(G7/F7) -> 0.69892804 | I7: =E7/D7 -> 9.4622616 | J7: =(110/7)*2 -> 31.428571 | K7: =+I7-J7 -> -21.96631
B8: Gabriel | C8: Extrajudicial - 40 a 55 semanas de atraso | D8: =SUMIF('REPORTE DIARIO'!B:B,'EPR 18 MAR'!C8, 'REPORTE DIARIO'!C:C) -> 13968 | E8: =SUMIF('REPORTE DIARIO'!B:B,'EPR 18 MAR'!C8, 'REPORTE DIARIO'!D:D) -> 152885.99 | F8: =J8*D8 -> 179588.57 | G8: =+E8-F8 -> -26702.581 | H8: =ABS(G8/F8) -> 0.14868753 | I8: =E8/D8 -> 10.945446 | J8: =(45/7)*2 -> 12.857143 | K8: =+I8-J8 -> -1.9116968
B9: Fernando | C9: Mas 55 semanas de atraso | D9: =SUMIF('REPORTE DIARIO'!B:B,'EPR 18 MAR'!C9, 'REPORTE DIARIO'!C:C) -> 73791 | E9: =SUMIF('REPORTE DIARIO'!B:B,'EPR 18 MAR'!C9, 'REPORTE DIARIO'!D:D) -> 192193.34 | F9: =J9*D9 -> 316247.14 | G9: =+E9-F9 -> -124053.8 | H9: =ABS(G9/F9) -> 0.39226853 | I9: =E9/D9 -> 2.6045634 | J9: =(15/7)*2 -> 4.2857143 | K9: =+I9-J9 -> -1.6811509
C10: TOTAL | D10: =SUM(D6:D9) -> 117569 | E10: =SUM(E6:E9) -> 801993.2 | F10: =SUM(F6:F9) -> 1888301.4 | G10: =+E10-F10 -> -1086308.2 | H10: =ABS(G10/F10) -> 0.57528327 | I10: =E10/D10 -> 6.8214682 | J10: =F10/D10 -> 16.061219 | K10: =I10-J10 -> -9.2397505
B12: Nota:
B13: El saldo consolidado incluye los siguientes despachos
B14: Samantha, Sofia, Edith, Olguin y Fernando
