Workbook

Sheet REPORTE DIARIO
B3: COBRANZA GENERAL SAMANTHA
B4: Segmento | C4: Cuentas | D4: Recuperación
B5: Extrajudicial - 0 a 28 semanas de atraso | C5: 6617 | D5: 103701.88
B6: Extrajudicial - 29 a 39 semanas de atraso | C6: 8283 | D6: 29861
B7: Extrajudicial - 40 a 55 semanas de atraso | C7: 8805 | D7: 42186
B8: JUDICIAL | C8: 21 | D8: 0
B9: Mas 55 semanas de atraso | C9: 49201 | D9: 106257.57
B10: Total general | C10: =SUM(C5:C9) -> 72927 | D10: =SUM(D5:D9) -> 282006.45
B12: COBRANZA GENERAL SOFIA
B13: Segmento | C13: Cuentas | D13: Recuperación
B14: Extrajudicial - 0 a 28 semanas de atraso | C14: 1687 | D14: 41385.45
B15: Extrajudicial - 29 a 39 semanas de atraso | C15: 655 | D15: 1775
B16: Extrajudicial - 40 a 55 semanas de atraso | C16: 600 | D16: 980
B17: Mas 55 semanas de atraso | C17: 1816 | D17: 0
B18: Total general | C18: =SUM(C14:C17) -> 4758 | D18: =SUM(D14:D17) -> 44140.45
B20: COBRANZA GENERAL EDITH
B21: Segmento | C21: Cuentas | D21: Recuperación
B22: Extrajudicial - 0 a 28 semanas de atraso | C22: 1731 | D22: 12018.5
B23: Extrajudicial - 29 a 39 semanas de atraso | C23: 913 | D23: 8444.17
B24: Extrajudicial - 40 a 55 semanas de atraso | C24: 13 | D24: 0
B25: Mas 55 semanas de atraso | C25: 714 | D25: 500
B26: Total general | C26: =SUM(C22:C25) -> 3371 | D26: =SUM(D22:D25) -> 20962.67
B28: COBRANZA GENERAL ITZAYANA
B29: Segmento | C29: Cuentas | D29: Recuperación
B30: Extrajudicial - 0 a 28 semanas de atraso | C30: 1190 | D30: 11469
B31: Extrajudicial - 29 a 39 semanas de atraso | C31: 2512 | D31: 8513
B32: Extrajudicial - 40 a 55 semanas de atraso | C32: 2767 | D32: 4961
B33: JUDICIAL | C33: 1 | D33: 0
B34: Mas 55 semanas de atraso | C34: 13856 | D34: 3696
B35: Total general | C35: =SUM(C30:C34) -> 20326 | D35: =SUM(D30:D34) -> 28639
B37: COBRANZA GENERAL FERNANDO
B38: Segmento | C38: Cuentas | D38: Recuperación
B39: Extrajudicial - 0 a 28 semanas de atraso | C39: 5385 | D39: 2837
B40: Total general | C40: =SUM(C39:C39) -> 5385 | D40: =SUM(D39:D39) -> 2837
B43: Cobranza Total | C43: =SUM(C10+C18+C26+C35+C40) -> 106767 | D43: =SUM(D10+D18+D26+D35+D40) -> 378585.57

Sheet DATA

Sheet EPR 1 MAR
B2: REPORTE CONSOLIDADO POR SEGMENTOS
B3: COBRANZA 6 MARZO
B5: COORDINADOR | C5: SEGMENTO | D5: CUENTAS | E5: COBRANZA REAL | F5: CUOTA IDEAL | G5: VARIACION | H5: % VAR | I5: EPR | J5: EPR IDEAL | K5: VAR EPR
B6: Samatha y Zareth | C6: Extrajudicial - 0 a 28 semanas de atraso | D6: =SUMIF('REPORTE DIARIO'!B:B,'EPR 1 MAR'!C6, 'REPORTE DIARIO'!C:C) -> 16610 | E6: =SUMIF('REPORTE DIARIO'!B:B,'EPR 1 MAR'!C6, 'REPORTE DIARIO'!D:D) -> 171411.83 | F6: =J6*D6 -> 474571.43 | G6: =+E6-F6 -> -303159.6 | H6: =ABS(G6/F6) -> 0.6388071 | I6: =E6/D6 -> 10.319797 | J6: =200/7 -> 28.571429 | K6: =+I6-J6 -> -18.251631
B7: Gabriel | C7: Extrajudicial - 29 a 39 semanas de atraso | D7: =SUMIF('REPORTE DIARIO'!B:B,'EPR 1 MAR'!C7, 'REPORTE DIARIO'!C:C) -> 12363 | E7: =SUMIF('REPORTE DIARIO'!B:B,'EPR 1 MAR'!C7, 'REPORTE DIARIO'!D:D) -> 48593.17 | F7: =J7*D7 -> 194275.71 | G7: =+E7-F7 -> -145682.54 | H7: =ABS(G7/F7) -> 0.74987522 | I7: =E7/D7 -> 3.9305322 | J7: =110/7 -> 15.714286 | K7: =+I7-J7 -> -11.783753
B8: Gabriel | C8: Extrajudicial - 40 a 55 semanas de atraso | D8: =SUMIF('REPORTE DIARIO'!B:B,'EPR 1 MAR'!C8, 'REPORTE DIARIO'!C:C) -> 12185 | E8: =SUMIF('REPORTE DIARIO'!B:B,'EPR 1 MAR'!C8, 'REPORTE DIARIO'!D:D) -> 48127 | F8: =J8*D8 -> 78332.143 | G8: =+E8-F8 -> -30205.143 | H8: =ABS(G8/F8) -> 0.38560343 | I8: =E8/D8 -> 3.9496922 | J8: =45/7 -> 6.4285714 | K8: =+I8-J8 -> -2.4788792
B9: Fernando | C9: Mas 55 semanas de atraso | D9: =SUMIF('REPORTE DIARIO'!B:B,'EPR 1 MAR'!C9, 'REPORTE DIARIO'!C:C) -> 65587 | E9: =SUMIF('REPORTE DIARIO'!B:B,'EPR 1 MAR'!C9, 'REPORTE DIARIO'!D:D) -> 110453.57 | F9: =J9*D9 -> 140543.57 | G9: =+E9-F9 -> -30090.001 | H9: =ABS(G9/F9) -> 0.21409732 | I9: =E9/D9 -> 1.6840772 | J9: =15/7 -> 2.1428571 | K9: =+I9-J9 -> -0.45877996
C10: TOTAL | D10: =SUM(D6:D9) -> 106745 | E10: =SUM(E6:E9) -> 378585.57 | F10: =SUM(F6:F9) -> 887722.86 | G10: =+E10-F10 -> -509137.29 | H10: =ABS(G10/F10) -> 0.5735318 | I10: =E10/D10 -> 3.5466352 | J10: =F10/D10 -> 8.3162945 | K10: =I10-J10 -> -4.7696593
B12: Nota:
B13: El saldo consolidado incluye los siguientes despachos
B14: Samantha, Sofia, Erik, Edith, Fernando e Itzayana
